{"_timestamp":1.738782856004927e+09,"_runtime":62.385687,"_step":10,"_wandb":{"runtime":62},"loss":1.0489709028801597,"centralized_accuracy":0.6195}