{"_timestamp":1.738782634089772e+09,"_runtime":31.664226,"_wandb":{"runtime":31},"_step":3,"loss":2.278644616230608,"centralized_accuracy":0.1207}